{"cameraMode":{"drawMode":0,"name":"Shaded","section":"Shading Mode"},"sceneLighting":false,"audioPlay":false,"sceneViewState":{"showFog":true,"showMaterialUpdate":false,"showSkybox":true,"showFlares":true,"showImageEffects":true,"showParticleSystems":true},"in2DMode":false,"pivot":{"x":582.9089965820313,"y":262.47381591796877,"z":-0.04277694225311279},"rotation":{"x":-0.11930885165929795,"y":-0.10790199786424637,"z":0.013044649735093117,"w":-0.9868903160095215},"size":664.613525390625,"orthographic":false}