{"cameraMode":{"drawMode":0,"name":"Shaded","section":"Shading Mode"},"sceneLighting":false,"audioPlay":false,"sceneViewState":{"showFog":true,"showMaterialUpdate":false,"showSkybox":true,"showFlares":true,"showImageEffects":true,"showParticleSystems":true},"in2DMode":false,"pivot":{"x":-5.960464477539063e-8,"y":0.5453696250915527,"z":-0.00440157949924469},"rotation":{"x":-0.03110796958208084,"y":-0.9686837196350098,"z":0.18409813940525056,"w":-0.16368302702903748},"size":2.168510675430298,"orthographic":false}