{"cameraMode":{"drawMode":0,"name":"Shaded","section":"Shading Mode"},"sceneLighting":false,"audioPlay":false,"sceneViewState":{"showFog":true,"showMaterialUpdate":false,"showSkybox":true,"showFlares":true,"showImageEffects":true,"showParticleSystems":true},"in2DMode":false,"pivot":{"x":185.76065063476563,"y":59.74623107910156,"z":534.5621337890625},"rotation":{"x":-0.13192118704319,"y":0.006539406720548868,"z":-0.0008703841594979167,"w":-0.9912382960319519},"size":1480.0714111328125,"orthographic":false}