{"cameraMode":{"drawMode":0,"name":"Shaded","section":"Shading Mode"},"sceneLighting":true,"audioPlay":false,"sceneViewState":{"showFog":true,"showMaterialUpdate":false,"showSkybox":true,"showFlares":true,"showImageEffects":true,"showParticleSystems":true},"in2DMode":false,"pivot":{"x":10.753364562988282,"y":1.7103550434112549,"z":3.2500803470611574},"rotation":{"x":-0.03110796958208084,"y":-0.9686837196350098,"z":0.18409813940525056,"w":-0.16368302702903748},"size":20.500089645385743,"orthographic":false}